midiStart,midiEnd,audioStart,audioEnd,chord,confidence
0.0,7.1,0.186,7.317,G,0.5841
7.1,9.1,7.317,9.326,G7,0.6829
9.1,11.2,9.326,11.435,C,0.6743
11.2,13.3,11.435,13.544,Cm,0.8479
13.3,17.4,13.544,17.662,G,0.6429
17.4,19.7,17.662,19.972,D,0.6302
19.7,21.6,19.972,21.881,C,0.7187
21.6,23.3,21.881,23.588,G,0.7768
23.3,23.7,23.588,23.99,C,0.76
23.7,25.9,23.99,26.2,D,0.8447
25.9,34.2,26.2,34.536,G,0.6106
34.2,38.4,34.536,38.754,C,0.5785
38.4,42.6,38.754,42.973,G,0.6728
42.6,44.7,42.973,45.082,D,0.8055
44.7,46.7,45.082,47.091,C,0.7546
46.7,48.9,47.091,49.3,G,0.6367
48.9,51.0,49.3,51.41,D,0.8347
51.0,59.3,51.41,59.746,G,0.6205
59.3,61.3,59.746,61.755,C,0.6639
61.3,63.5,61.755,63.964,Cm,0.587
63.5,67.7,63.964,68.183,G,0.7662
67.7,69.8,68.183,70.292,D,0.7857
69.8,71.9,70.292,72.401,C,0.8393
71.9,72.9,72.401,73.406,G,0.7438
72.9,73.9,73.406,74.41,C,0.7026
73.9,74.5,74.41,75.013,G,0.8175
74.5,75.0,75.013,75.515,Am,0.5968
75.0,75.5,75.515,76.017,Bb,0.8157
75.5,76.1,76.017,76.62,G,0.8232
76.1,80.2,76.62,80.738,C,0.6307
80.2,84.4,80.738,84.956,G,0.8577
84.4,88.6,84.956,89.174,C,0.6444
88.6,92.8,89.174,93.393,D,0.8158
92.8,99.1,93.393,99.72,G,0.7565
99.1,101.2,99.72,101.83,G7,0.7147
101.2,105.3,101.83,105.948,C,0.7823
105.3,109.5,105.948,110.166,G,0.759
109.5,111.6,110.166,112.275,D,0.8946
111.6,113.7,112.275,114.384,C,0.8295
115.6,115.8,116.293,116.494,C,0.7412
115.8,117.9,116.494,118.603,D,0.9174
117.9,125.8,118.603,126.537,G,0.5248
125.8,126.3,126.537,127.04,Dm,0.513
126.3,130.5,127.04,131.258,C,0.5166
130.5,134.7,131.258,135.476,G,0.7614
134.7,136.8,135.476,137.586,D,0.8333
136.8,138.9,137.586,139.695,C,0.8281
138.9,139.9,139.695,140.699,G,0.9014
139.9,141.0,140.699,141.804,C,0.77
141.0,143.1,141.804,143.913,D,0.8808
143.1,151.5,143.913,152.35,G,0.4834
151.5,155.7,152.35,156.568,C,0.7918
155.7,159.9,156.568,160.787,G,0.7978
159.9,162.0,160.787,162.896,D,0.9048
162.0,162.4,162.896,163.298,C,0.8835
167.0,176.7,167.918,177.661,G,0.8958
176.7,180.7,177.661,181.678,C,0.8594
180.7,184.9,181.678,185.896,G,0.8159
184.9,187.2,185.896,188.207,D,0.6808
187.2,187.6,188.207,188.608,C,0.8407
195.6,201.7,196.643,202.77,G,0.824
207.6,214.127,208.696,215.251,G,0.8167
